"","experiment","value","method","name","mean","two_se","group"
"1","r","2","glmnet","Beta_SSE",193.724554649089,2.59813252429263,"rglmnetBeta_SSE"
"2","r","2","glmnet","test_R2",0.672806848691608,0.00103919432438823,"rglmnettest_R2"
"3","r","2","glmnet","test_SSE",982843.14004764,4222.52507959575,"rglmnettest_SSE"
"4","r","2","glmnet","test_SST",3003828.81894995,7698.94723673802,"rglmnettest_SST"
"5","r","2","MultiLORS","Beta_SSE",120.37026963832,1.31567118312971,"rMultiLORSBeta_SSE"
"6","r","2","MultiLORS","test_R2",0.706269256649137,0.000552891352421015,"rMultiLORStest_R2"
"7","r","2","MultiLORS","test_SSE",882306.382845433,2518.59337845623,"rMultiLORStest_SSE"
"8","r","2","MultiLORS","test_SST",3003828.81894995,7698.94723673802,"rMultiLORStest_SST"
"9","r","2","ORC_ALL_MultiLORS","Beta_SSE",34.0011418048496,0.343452958702108,"rORC_ALL_MultiLORSBeta_SSE"
"10","r","2","ORC_ALL_MultiLORS","test_R2",0.739479515958151,0.000340080108388145,"rORC_ALL_MultiLORStest_R2"
"11","r","2","ORC_ALL_MultiLORS","test_SSE",781540.876581417,2203.64824726198,"rORC_ALL_MultiLORStest_SSE"
"12","r","2","ORC_ALL_MultiLORS","test_SST",2999924.17630602,7600.68721691302,"rORC_ALL_MultiLORStest_SST"
"13","r","2","ORC_L_ALL_glmnet","Beta_SSE",30.0955047775969,0.276497018744596,"rORC_L_ALL_glmnetBeta_SSE"
"14","r","2","ORC_L_ALL_glmnet","test_R2",0.740740383250691,0.00033558222200102,"rORC_L_ALL_glmnettest_R2"
"15","r","2","ORC_L_ALL_glmnet","test_SSE",777664.66630509,2175.74275329401,"rORC_L_ALL_glmnettest_SSE"
"16","r","2","ORC_L_ALL_glmnet","test_SST",2999564.35088863,7598.52114333822,"rORC_L_ALL_glmnettest_SST"
"17","r","2","ORC_L_glmnet","Beta_SSE",96.0430192896084,1.10828239644288,"rORC_L_glmnetBeta_SSE"
"18","r","2","ORC_L_glmnet","test_R2",0.717124485745735,0.000506403790154506,"rORC_L_glmnettest_R2"
"19","r","2","ORC_L_glmnet","test_SSE",849442.817796452,2416.54127759071,"rORC_L_glmnettest_SSE"
"20","r","2","ORC_L_glmnet","test_SST",3002915.06191806,7666.87766579609,"rORC_L_glmnettest_SST"
"21","r","3","glmnet","Beta_SSE",258.343993795455,3.5096890049003,"rglmnetBeta_SSE"
"22","r","3","glmnet","test_R2",0.672634560588662,0.0010784520668595,"rglmnettest_R2"
"23","r","3","glmnet","test_SSE",1311082.268728,5627.33125749868,"rglmnettest_SSE"
"24","r","3","glmnet","test_SST",4004871.931289,8374.86571858975,"rglmnettest_SST"
"25","r","3","MultiLORS","Beta_SSE",144.36602003502,1.67298534124859,"rMultiLORSBeta_SSE"
"26","r","3","MultiLORS","test_R2",0.710535852691881,0.000475453638412692,"rMultiLORStest_R2"
"27","r","3","MultiLORS","test_SSE",1159264.90901001,3017.62564754509,"rMultiLORStest_SSE"
"28","r","3","MultiLORS","test_SST",4004871.931289,8374.86571858975,"rMultiLORStest_SST"
"29","r","3","ORC_ALL_MultiLORS","Beta_SSE",36.8211205095059,0.384882588084047,"rORC_ALL_MultiLORSBeta_SSE"
"30","r","3","ORC_ALL_MultiLORS","test_R2",0.741318183167914,0.000320553362349175,"rORC_ALL_MultiLORStest_R2"
"31","r","3","ORC_ALL_MultiLORS","test_SSE",1034598.85470186,2365.26385147464,"rORC_ALL_MultiLORStest_SSE"
"32","r","3","ORC_ALL_MultiLORS","test_SST",3999517.06377834,8240.21318194342,"rORC_ALL_MultiLORStest_SST"
"33","r","3","ORC_L_ALL_glmnet","Beta_SSE",30.8455518740178,0.285157032992106,"rORC_L_ALL_glmnetBeta_SSE"
"34","r","3","ORC_L_ALL_glmnet","test_R2",0.742770420332216,0.000322250036926425,"rORC_L_ALL_glmnettest_R2"
"35","r","3","ORC_L_ALL_glmnet","test_SSE",1028641.22801407,2363.79881361831,"rORC_L_ALL_glmnettest_SSE"
"36","r","3","ORC_L_ALL_glmnet","test_SST",3998935.8070899,8242.07903315164,"rORC_L_ALL_glmnettest_SST"
"37","r","3","ORC_L_glmnet","Beta_SSE",103.340867212585,1.23642640037017,"rORC_L_glmnetBeta_SSE"
"38","r","3","ORC_L_glmnet","test_R2",0.723933468493486,0.000440136963789068,"rORC_L_glmnettest_R2"
"39","r","3","ORC_L_glmnet","test_SSE",1105182.94218184,2773.85553431504,"rORC_L_glmnettest_SSE"
"40","r","3","ORC_L_glmnet","test_SST",4003334.37271599,8326.42012075893,"rORC_L_glmnettest_SST"
"41","r","4","glmnet","Beta_SSE",323.86848812432,4.18076927012342,"rglmnetBeta_SSE"
"42","r","4","glmnet","test_R2",0.67254827989951,0.000998692136364454,"rglmnettest_R2"
"43","r","4","glmnet","test_SSE",1638326.79513307,6590.13850228017,"rglmnettest_SSE"
"44","r","4","glmnet","test_SST",5003178.9574972,10261.4245553343,"rglmnettest_SST"
"45","r","4","MultiLORS","Beta_SSE",170.817503280885,2.15827751266762,"rMultiLORSBeta_SSE"
"46","r","4","MultiLORS","test_R2",0.712667712241895,0.00047940304185575,"rMultiLORStest_R2"
"47","r","4","MultiLORS","test_SSE",1437568.78917392,3605.62576455199,"rMultiLORStest_SSE"
"48","r","4","MultiLORS","test_SST",5003178.9574972,10261.4245553343,"rMultiLORStest_SST"
"49","r","4","ORC_ALL_MultiLORS","Beta_SSE",39.4128744343002,0.406695423473181,"rORC_ALL_MultiLORSBeta_SSE"
"50","r","4","ORC_ALL_MultiLORS","test_R2",0.742544782246376,0.000322727571784285,"rORC_ALL_MultiLORStest_R2"
"51","r","4","ORC_ALL_MultiLORS","test_SSE",1286280.26967911,2778.42178723132,"rORC_ALL_MultiLORStest_SSE"
"52","r","4","ORC_ALL_MultiLORS","test_SST",4996162.46076022,10105.6023744047,"rORC_ALL_MultiLORStest_SST"
"53","r","4","ORC_L_ALL_glmnet","Beta_SSE",31.3845944801987,0.294671107636195,"rORC_L_ALL_glmnetBeta_SSE"
"54","r","4","ORC_L_ALL_glmnet","test_R2",0.744124488381343,0.000315793719134666,"rORC_L_ALL_glmnettest_R2"
"55","r","4","ORC_L_ALL_glmnet","test_SSE",1278169.20172282,2752.62043044423,"rORC_L_ALL_glmnettest_SSE"
"56","r","4","ORC_L_ALL_glmnet","test_SST",4995307.93132275,10128.1370570933,"rORC_L_ALL_glmnettest_SST"
"57","r","4","ORC_L_glmnet","Beta_SSE",108.635801381862,1.3409524316739,"rORC_L_glmnetBeta_SSE"
"58","r","4","ORC_L_glmnet","test_R2",0.728420587271375,0.000422153256759875,"rORC_L_glmnettest_R2"
"59","r","4","ORC_L_glmnet","test_SSE",1358093.68700244,3110.02760742717,"rORC_L_glmnettest_SSE"
"60","r","4","ORC_L_glmnet","test_SST",5000763.82873015,10172.467754275,"rORC_L_glmnettest_SST"
"61","r","5","glmnet","Beta_SSE",391.908319813758,5.09898301676842,"rglmnetBeta_SSE"
"62","r","5","glmnet","test_R2",0.672243122688667,0.00098174326691993,"rglmnettest_R2"
"63","r","5","glmnet","test_SSE",1969488.02742087,7271.76217704345,"rglmnettest_SSE"
"64","r","5","glmnet","test_SST",6008957.53866364,11696.1553187715,"rglmnettest_SST"
"65","r","5","MultiLORS","Beta_SSE",198.821900262413,2.61031702819033,"rMultiLORSBeta_SSE"
"66","r","5","MultiLORS","test_R2",0.713692467077299,0.000495970322095308,"rMultiLORStest_R2"
"67","r","5","MultiLORS","test_SSE",1720402.14515084,4231.39450183541,"rMultiLORStest_SSE"
"68","r","5","MultiLORS","test_SST",6008957.53866364,11696.1553187715,"rMultiLORStest_SST"
"69","r","5","ORC_ALL_MultiLORS","Beta_SSE",42.136302062179,0.485836308786941,"rORC_ALL_MultiLORSBeta_SSE"
"70","r","5","ORC_ALL_MultiLORS","test_R2",0.743299204079695,0.000316262507391871,"rORC_ALL_MultiLORStest_R2"
"71","r","5","ORC_ALL_MultiLORS","test_SSE",1540323.46676976,3245.50438940647,"rORC_ALL_MultiLORStest_SSE"
"72","r","5","ORC_ALL_MultiLORS","test_SST",6000487.78313743,11418.7264797017,"rORC_ALL_MultiLORStest_SST"
"73","r","5","ORC_L_ALL_glmnet","Beta_SSE",31.7702630597866,0.298596870904015,"rORC_L_ALL_glmnetBeta_SSE"
"74","r","5","ORC_L_ALL_glmnet","test_R2",0.74500519767174,0.000307039593110296,"rORC_L_ALL_glmnettest_R2"
"75","r","5","ORC_L_ALL_glmnet","test_SSE",1529837.37282678,3207.98026593065,"rORC_L_ALL_glmnettest_SSE"
"76","r","5","ORC_L_ALL_glmnet","test_SST",5999509.94100103,11455.5473041869,"rORC_L_ALL_glmnettest_SST"
"77","r","5","ORC_L_glmnet","Beta_SSE",112.755165731139,1.43010318807464,"rORC_L_glmnetBeta_SSE"
"78","r","5","ORC_L_glmnet","test_R2",0.731527889369035,0.000397038027175992,"rORC_L_glmnettest_R2"
"79","r","5","ORC_L_glmnet","test_SSE",1612431.76519062,3382.0257188955,"rORC_L_glmnettest_SSE"
"80","r","5","ORC_L_glmnet","test_SST",6006011.99557859,11598.3268045896,"rORC_L_glmnettest_SST"
"81","r","6","glmnet","Beta_SSE",457.734144252168,6.026874823591,"rglmnetBeta_SSE"
"82","r","6","glmnet","test_R2",0.67218611186977,0.0010055801948284,"rglmnettest_R2"
"83","r","6","glmnet","test_SSE",2297648.16656503,8161.0501419297,"rglmnettest_SSE"
"84","r","6","glmnet","test_SST",7009023.94939599,13531.867657281,"rglmnettest_SST"
"85","r","6","MultiLORS","Beta_SSE",229.617819645486,3.14833855387404,"rMultiLORSBeta_SSE"
"86","r","6","MultiLORS","test_R2",0.713876820588938,0.000501242432390349,"rMultiLORStest_R2"
"87","r","6","MultiLORS","test_SSE",2005423.22635818,4518.64774421665,"rMultiLORStest_SSE"
"88","r","6","MultiLORS","test_SST",7009023.94939599,13531.867657281,"rMultiLORStest_SST"
"89","r","6","ORC_ALL_MultiLORS","Beta_SSE",45.0055746659717,0.543385855511863,"rORC_ALL_MultiLORSBeta_SSE"
"90","r","6","ORC_ALL_MultiLORS","test_R2",0.743929800458724,0.00028417560688224,"rORC_ALL_MultiLORStest_R2"
"91","r","6","ORC_ALL_MultiLORS","test_SSE",1792262.92531547,3428.98266182972,"rORC_ALL_MultiLORStest_SSE"
"92","r","6","ORC_ALL_MultiLORS","test_SST",6999156.55239502,13232.4680666844,"rORC_ALL_MultiLORStest_SST"
"93","r","6","ORC_L_ALL_glmnet","Beta_SSE",32.0745653194865,0.304214836587844,"rORC_L_ALL_glmnetBeta_SSE"
"94","r","6","ORC_L_ALL_glmnet","test_R2",0.745731565568908,0.000279781737819302,"rORC_L_ALL_glmnettest_R2"
"95","r","6","ORC_L_ALL_glmnet","test_SSE",1779358.76683688,3406.24444140708,"rORC_L_ALL_glmnettest_SSE"
"96","r","6","ORC_L_ALL_glmnet","test_SST",6998002.21288807,13257.5530618387,"rORC_L_ALL_glmnettest_SST"
"97","r","6","ORC_L_glmnet","Beta_SSE",116.143089281526,1.52154010245438,"rORC_L_glmnetBeta_SSE"
"98","r","6","ORC_L_glmnet","test_R2",0.733908762493678,0.000362801771426349,"rORC_L_glmnettest_R2"
"99","r","6","ORC_L_glmnet","test_SSE",1864104.96413525,3538.48460752234,"rORC_L_glmnettest_SSE"
"100","r","6","ORC_L_glmnet","test_SST",7005592.65416966,13401.1237789772,"rORC_L_glmnettest_SST"
"101","r","7","glmnet","Beta_SSE",523.949741851334,6.58003002341371,"rglmnetBeta_SSE"
"102","r","7","glmnet","test_R2",0.672084784122759,0.000989812701604431,"rglmnettest_R2"
"103","r","7","glmnet","test_SSE",2625531.06585687,8512.86999808566,"rglmnettest_SSE"
"104","r","7","glmnet","test_SST",8006846.654815,15272.4686710716,"rglmnettest_SST"
"105","r","7","MultiLORS","Beta_SSE",262.687436235345,3.73415608444299,"rMultiLORSBeta_SSE"
"106","r","7","MultiLORS","test_R2",0.713531735873343,0.000528975511204071,"rMultiLORStest_R2"
"107","r","7","MultiLORS","test_SSE",2293677.34105839,5076.55141380107,"rMultiLORStest_SSE"
"108","r","7","MultiLORS","test_SST",8006846.654815,15272.4686710716,"rMultiLORStest_SST"
"109","r","7","ORC_ALL_MultiLORS","Beta_SSE",47.924389966109,0.567962628228215,"rORC_ALL_MultiLORSBeta_SSE"
"110","r","7","ORC_ALL_MultiLORS","test_R2",0.744285288306317,0.000278204622507404,"rORC_ALL_MultiLORStest_R2"
"111","r","7","ORC_ALL_MultiLORS","test_SSE",2044586.08124321,4115.50409719935,"rORC_ALL_MultiLORStest_SSE"
"112","r","7","ORC_ALL_MultiLORS","test_SST",7995606.7999239,15030.3773992072,"rORC_ALL_MultiLORStest_SST"
"113","r","7","ORC_L_ALL_glmnet","Beta_SSE",32.3160724081611,0.30867824789867,"rORC_L_ALL_glmnetBeta_SSE"
"114","r","7","ORC_L_ALL_glmnet","test_R2",0.746200732509564,0.000275092991818817,"rORC_L_ALL_glmnettest_R2"
"115","r","7","ORC_L_ALL_glmnet","test_SSE",2028942.81226179,4092.36069899242,"rORC_L_ALL_glmnettest_SSE"
"116","r","7","ORC_L_ALL_glmnet","test_SST",7994313.35644221,15066.2229088281,"rORC_L_ALL_glmnettest_SST"
"117","r","7","ORC_L_glmnet","Beta_SSE",119.139553952321,1.59528983300569,"rORC_L_glmnetBeta_SSE"
"118","r","7","ORC_L_glmnet","test_R2",0.735650223068985,0.000345793255623308,"rORC_L_glmnettest_R2"
"119","r","7","ORC_L_glmnet","test_SSE",2115545.455699,4099.58971080865,"rORC_L_glmnettest_SSE"
"120","r","7","ORC_L_glmnet","test_SST",8002901.75465397,15134.2344744576,"rORC_L_glmnettest_SST"
"121","r","8","glmnet","Beta_SSE",589.822573222847,6.77512119224816,"rglmnetBeta_SSE"
"122","r","8","glmnet","test_R2",0.672014362704878,0.000947923414887307,"rglmnettest_R2"
"123","r","8","glmnet","test_SSE",2954253.40413791,9074.54721479053,"rglmnettest_SSE"
"124","r","8","glmnet","test_SST",9007428.35948349,18169.5826569676,"rglmnettest_SST"
"125","r","8","MultiLORS","Beta_SSE",300.09308359399,4.4714733650277,"rMultiLORSBeta_SSE"
"126","r","8","MultiLORS","test_R2",0.712880194388139,0.000529753448262309,"rMultiLORStest_R2"
"127","r","8","MultiLORS","test_SSE",2586177.22905196,5971.59300466057,"rMultiLORStest_SSE"
"128","r","8","MultiLORS","test_SST",9007428.35948349,18169.5826569676,"rMultiLORStest_SST"
"129","r","8","ORC_ALL_MultiLORS","Beta_SSE",50.7314867714526,0.622033710878053,"rORC_ALL_MultiLORSBeta_SSE"
"130","r","8","ORC_ALL_MultiLORS","test_R2",0.744658589242885,0.000259252810194673,"rORC_ALL_MultiLORStest_R2"
"131","r","8","ORC_ALL_MultiLORS","test_SSE",2296694.72469248,4776.38146925891,"rORC_ALL_MultiLORStest_SSE"
"132","r","8","ORC_ALL_MultiLORS","test_SST",8994640.92830081,17955.1882040203,"rORC_ALL_MultiLORStest_SST"
"133","r","8","ORC_L_ALL_glmnet","Beta_SSE",32.5226614934186,0.308554648208625,"rORC_L_ALL_glmnetBeta_SSE"
"134","r","8","ORC_L_ALL_glmnet","test_R2",0.746654397935399,0.000250489366266078,"rORC_L_ALL_glmnettest_R2"
"135","r","8","ORC_L_ALL_glmnet","test_SSE",2278361.44745307,4730.3099683251,"rORC_L_ALL_glmnettest_SSE"
"136","r","8","ORC_L_ALL_glmnet","test_SST",8993132.85161412,17990.8928482451,"rORC_L_ALL_glmnettest_SST"
"137","r","8","ORC_L_glmnet","Beta_SSE",121.71436990494,1.66419592134651,"rORC_L_glmnetBeta_SSE"
"138","r","8","ORC_L_glmnet","test_R2",0.737126063531205,0.000319894249780351,"rORC_L_glmnettest_R2"
"139","r","8","ORC_L_glmnet","test_SSE",2366587.6942218,4643.86994482976,"rORC_L_glmnettest_SSE"
"140","r","8","ORC_L_glmnet","test_SST",9002837.69035671,18021.8373904178,"rORC_L_glmnettest_SST"
"141","r","9","glmnet","Beta_SSE",656.909310947155,7.99666308312346,"rglmnetBeta_SSE"
"142","r","9","glmnet","test_R2",0.671791914919067,0.000931182310573482,"rglmnettest_R2"
"143","r","9","glmnet","test_SSE",3283795.46023973,9921.18138197088,"rglmnettest_SSE"
"144","r","9","glmnet","test_SST",10005367.8009215,18559.2096867277,"rglmnettest_SST"
"145","r","9","MultiLORS","Beta_SSE",341.665025020378,4.94026188380251,"rMultiLORSBeta_SSE"
"146","r","9","MultiLORS","test_R2",0.711833984597284,0.000536113222073475,"rMultiLORStest_R2"
"147","r","9","MultiLORS","test_SSE",2883179.91607992,6678.8919414541,"rMultiLORStest_SSE"
"148","r","9","MultiLORS","test_SST",10005367.8009215,18559.2096867277,"rMultiLORStest_SST"
"149","r","9","ORC_ALL_MultiLORS","Beta_SSE",54.0572962485271,0.681424839978412,"rORC_ALL_MultiLORSBeta_SSE"
"150","r","9","ORC_ALL_MultiLORS","test_R2",0.744949668468161,0.00026428722991771,"rORC_ALL_MultiLORStest_R2"
"151","r","9","ORC_ALL_MultiLORS","test_SSE",2548214.93529467,4972.33904550386,"rORC_ALL_MultiLORStest_SSE"
"152","r","9","ORC_ALL_MultiLORS","test_SST",9991063.50611005,18218.9983711395,"rORC_ALL_MultiLORStest_SST"
"153","r","9","ORC_L_ALL_glmnet","Beta_SSE",32.692842688191,0.308714701055909,"rORC_L_ALL_glmnetBeta_SSE"
"154","r","9","ORC_L_ALL_glmnet","test_R2",0.747050309137966,0.000252816083277633,"rORC_L_ALL_glmnettest_R2"
"155","r","9","ORC_L_ALL_glmnet","test_SSE",2526814.58788556,4909.88173633301,"rORC_L_ALL_glmnettest_SSE"
"156","r","9","ORC_L_ALL_glmnet","test_SST",9989430.1917487,18269.3507651688,"rORC_L_ALL_glmnettest_SST"
"157","r","9","ORC_L_glmnet","Beta_SSE",124.109119894811,1.71886582150338,"rORC_L_glmnetBeta_SSE"
"158","r","9","ORC_L_glmnet","test_R2",0.738351535525755,0.000306285389141422,"rORC_L_glmnettest_R2"
"159","r","9","ORC_L_glmnet","test_SSE",2616512.56284437,4744.99584544884,"rORC_L_glmnettest_SSE"
"160","r","9","ORC_L_glmnet","test_SST",10000194.9278002,18331.6144364168,"rORC_L_glmnettest_SST"
"161","r","10","glmnet","Beta_SSE",725.763445317595,8.4873719186916,"rglmnetBeta_SSE"
"162","r","10","glmnet","test_R2",0.671538121176117,0.000824264743052633,"rglmnettest_R2"
"163","r","10","glmnet","test_SSE",3615625.86254014,10207.0322093893,"rglmnettest_SSE"
"164","r","10","glmnet","test_SST",11007846.3940101,19543.8081533835,"rglmnettest_SST"
"165","r","10","MultiLORS","Beta_SSE",388.169740875614,5.47098802424128,"rMultiLORSBeta_SSE"
"166","r","10","MultiLORS","test_R2",0.710487181528483,0.000509472670203856,"rMultiLORStest_R2"
"167","r","10","MultiLORS","test_SSE",3186888.57234869,7129.25961559342,"rMultiLORStest_SSE"
"168","r","10","MultiLORS","test_SST",11007846.3940101,19543.8081533835,"rMultiLORStest_SST"
"169","r","10","ORC_ALL_MultiLORS","Beta_SSE",57.871367919625,0.751564348500839,"rORC_ALL_MultiLORSBeta_SSE"
"170","r","10","ORC_ALL_MultiLORS","test_R2",0.745198172529807,0.000270296932153467,"rORC_ALL_MultiLORStest_R2"
"171","r","10","ORC_ALL_MultiLORS","test_SSE",2800796.99671792,5232.48465782091,"rORC_ALL_MultiLORStest_SSE"
"172","r","10","ORC_ALL_MultiLORS","test_SST",10992108.5392201,19309.2351586698,"rORC_ALL_MultiLORStest_SST"
"173","r","10","ORC_L_ALL_glmnet","Beta_SSE",32.8423409026249,0.309528078488681,"rORC_L_ALL_glmnetBeta_SSE"
"174","r","10","ORC_L_ALL_glmnet","test_R2",0.747395672318369,0.000255824306627193,"rORC_L_ALL_glmnettest_R2"
"175","r","10","ORC_L_ALL_glmnet","test_SSE",2776178.39410107,5146.76779178087,"rORC_L_ALL_glmnettest_SSE"
"176","r","10","ORC_L_ALL_glmnet","test_SST",10990272.1235029,19388.8906884168,"rORC_L_ALL_glmnettest_SST"
"177","r","10","ORC_L_glmnet","Beta_SSE",126.397699029869,1.75914236825538,"rORC_L_glmnetBeta_SSE"
"178","r","10","ORC_L_glmnet","test_R2",0.739389285279568,0.000307631679455981,"rORC_L_glmnettest_R2"
"179","r","10","ORC_L_glmnet","test_SSE",2867234.61975172,4979.02059565992,"rORC_L_glmnettest_SSE"
"180","r","10","ORC_L_glmnet","test_SST",11002083.7465277,19425.0781398302,"rORC_L_glmnettest_SST"
"181","r","11","glmnet","Beta_SSE",793.100235464031,9.68901060816742,"rglmnetBeta_SSE"
"182","r","11","glmnet","test_R2",0.671511421695201,0.000844004565906684,"rglmnettest_R2"
"183","r","11","glmnet","test_SSE",3944350.44297687,11015.1293477137,"rglmnettest_SSE"
"184","r","11","glmnet","test_SST",12007693.3166998,20306.8792100946,"rglmnettest_SST"
"185","r","11","MultiLORS","Beta_SSE",438.456377329513,6.44708938975563,"rMultiLORSBeta_SSE"
"186","r","11","MultiLORS","test_R2",0.708959138772613,0.000546121375394519,"rMultiLORStest_R2"
"187","r","11","MultiLORS","test_SSE",3494699.34593369,7788.35983799107,"rMultiLORStest_SSE"
"188","r","11","MultiLORS","test_SST",12007693.3166998,20306.8792100946,"rMultiLORStest_SST"
"189","r","11","ORC_ALL_MultiLORS","Beta_SSE",61.3993949293131,0.775532852700134,"rORC_ALL_MultiLORSBeta_SSE"
"190","r","11","ORC_ALL_MultiLORS","test_R2",0.745302315604633,0.000253088607691435,"rORC_ALL_MultiLORStest_R2"
"191","r","11","ORC_ALL_MultiLORS","test_SSE",3054064.67577803,5515.33018307331,"rORC_ALL_MultiLORStest_SSE"
"192","r","11","ORC_ALL_MultiLORS","test_SST",11990978.3083477,20042.1272552273,"rORC_ALL_MultiLORStest_SST"
"193","r","11","ORC_L_ALL_glmnet","Beta_SSE",32.9829502250351,0.311258683860097,"rORC_L_ALL_glmnetBeta_SSE"
"194","r","11","ORC_L_ALL_glmnet","test_R2",0.747598938742708,0.0002382894232922,"rORC_L_ALL_glmnettest_R2"
"195","r","11","ORC_L_ALL_glmnet","test_SSE",3026031.63205143,5406.8562899027,"rORC_L_ALL_glmnettest_SSE"
"196","r","11","ORC_L_ALL_glmnet","test_SST",11989019.0740177,20110.1348991928,"rORC_L_ALL_glmnettest_SST"
"197","r","11","ORC_L_glmnet","Beta_SSE",128.546259585584,1.84310095572859,"rORC_L_glmnetBeta_SSE"
"198","r","11","ORC_L_glmnet","test_R2",0.740170834680688,0.000280274789161334,"rORC_L_glmnettest_R2"
"199","r","11","ORC_L_glmnet","test_SSE",3118419.12340199,5150.45108358304,"rORC_L_glmnettest_SSE"
"200","r","11","ORC_L_glmnet","test_SST",12001897.5700377,20129.7363856948,"rORC_L_glmnettest_SST"
"201","r","12","glmnet","Beta_SSE",862.126369761012,9.71568981854624,"rglmnetBeta_SSE"
"202","r","12","glmnet","test_R2",0.671358990682626,0.000821487904010106,"rglmnettest_R2"
"203","r","12","glmnet","test_SSE",4277100.13332033,11524.4999284966,"rglmnettest_SSE"
"204","r","12","glmnet","test_SST",13014627.0160765,20781.7985622606,"rglmnettest_SST"
"205","r","12","MultiLORS","Beta_SSE",492.241498236569,6.71943566846807,"rMultiLORSBeta_SSE"
"206","r","12","MultiLORS","test_R2",0.707335432404543,0.000546282649667917,"rMultiLORStest_R2"
"207","r","12","MultiLORS","test_SSE",3808889.08364357,8248.709053206,"rMultiLORStest_SSE"
"208","r","12","MultiLORS","test_SST",13014627.0160765,20781.7985622606,"rMultiLORStest_SST"
"209","r","12","ORC_ALL_MultiLORS","Beta_SSE",64.943599741393,0.767697614903194,"rORC_ALL_MultiLORSBeta_SSE"
"210","r","12","ORC_ALL_MultiLORS","test_R2",0.74535577732916,0.000266856320353901,"rORC_ALL_MultiLORStest_R2"
"211","r","12","ORC_ALL_MultiLORS","test_SSE",3309374.16340417,5540.10000787005,"rORC_ALL_MultiLORStest_SSE"
"212","r","12","ORC_ALL_MultiLORS","test_SST",12996133.4482517,20554.0520633197,"rORC_ALL_MultiLORStest_SST"
"213","r","12","ORC_L_ALL_glmnet","Beta_SSE",33.0869789418421,0.313161023637497,"rORC_L_ALL_glmnetBeta_SSE"
"214","r","12","ORC_L_ALL_glmnet","test_R2",0.747766092966091,0.000251671638545064,"rORC_L_ALL_glmnettest_R2"
"215","r","12","ORC_L_ALL_glmnet","test_SSE",3277510.43068277,5457.30524216504,"rORC_L_ALL_glmnettest_SSE"
"216","r","12","ORC_L_ALL_glmnet","test_SST",12993992.3534948,20651.8420215561,"rORC_L_ALL_glmnettest_SST"
"217","r","12","ORC_L_glmnet","Beta_SSE",130.675880024925,1.89190669349283,"rORC_L_glmnetBeta_SSE"
"218","r","12","ORC_L_glmnet","test_R2",0.740833884237676,0.000287033717722658,"rORC_L_glmnettest_R2"
"219","r","12","ORC_L_glmnet","test_SSE",3371197.08007638,5329.79756278792,"rORC_L_glmnettest_SSE"
"220","r","12","ORC_L_glmnet","test_SST",13007962.6759018,20706.9844988354,"rORC_L_glmnettest_SST"
"221","r","13","glmnet","Beta_SSE",927.498394542538,9.96592264312284,"rglmnetBeta_SSE"
"222","r","13","glmnet","test_R2",0.671366097388293,0.000781530372528471,"rglmnettest_R2"
"223","r","13","glmnet","test_SSE",4605249.81283649,11487.4511552422,"rglmnettest_SSE"
"224","r","13","glmnet","test_SST",14013482.7571497,22327.5451211555,"rglmnettest_SST"
"225","r","13","MultiLORS","Beta_SSE",548.878635043167,7.16995451241272,"rMultiLORSBeta_SSE"
"226","r","13","MultiLORS","test_R2",0.70553383447229,0.000563442571750534,"rMultiLORStest_R2"
"227","r","13","MultiLORS","test_SSE",4126455.69859727,8834.77818359766,"rMultiLORStest_SSE"
"228","r","13","MultiLORS","test_SST",14013482.7571497,22327.5451211555,"rMultiLORStest_SST"
"229","r","13","ORC_ALL_MultiLORS","Beta_SSE",69.7185323656933,0.861095685785192,"rORC_ALL_MultiLORSBeta_SSE"
"230","r","13","ORC_ALL_MultiLORS","test_R2",0.745396334649824,0.00026268363585636,"rORC_ALL_MultiLORStest_R2"
"231","r","13","ORC_ALL_MultiLORS","test_SSE",3562746.18552316,5992.00304063283,"rORC_ALL_MultiLORStest_SSE"
"232","r","13","ORC_ALL_MultiLORS","test_SST",13993363.3461116,21995.2072145099,"rORC_ALL_MultiLORStest_SST"
"233","r","13","ORC_L_ALL_glmnet","Beta_SSE",33.2102730462905,0.315905642909914,"rORC_L_ALL_glmnetBeta_SSE"
"234","r","13","ORC_L_ALL_glmnet","test_R2",0.747932216353521,0.000246601237937018,"rORC_L_ALL_glmnettest_R2"
"235","r","13","ORC_L_ALL_glmnet","test_SSE",3526661.52297596,5834.36821989101,"rORC_L_ALL_glmnettest_SSE"
"236","r","13","ORC_L_ALL_glmnet","test_SST",13990986.6546684,22101.8381640407,"rORC_L_ALL_glmnettest_SST"
"237","r","13","ORC_L_glmnet","Beta_SSE",132.662160108095,1.96055945007825,"rORC_L_glmnetBeta_SSE"
"238","r","13","ORC_L_glmnet","test_R2",0.741418786971102,0.000282212398664901,"rORC_L_glmnettest_R2"
"239","r","13","ORC_L_glmnet","test_SSE",3621649.96821502,5909.47797038486,"rORC_L_glmnettest_SSE"
"240","r","13","ORC_L_glmnet","test_SST",14005941.1195206,22227.209642063,"rORC_L_glmnettest_SST"
"241","r","14","glmnet","Beta_SSE",994.470606539575,10.287419634742,"rglmnetBeta_SSE"
"242","r","14","glmnet","test_R2",0.671338488652137,0.000790338323768272,"rglmnettest_R2"
"243","r","14","glmnet","test_SSE",4935422.81183776,11975.8688963441,"rglmnettest_SSE"
"244","r","14","glmnet","test_SST",15016960.2506769,23978.0490797039,"rglmnettest_SST"
"245","r","14","MultiLORS","Beta_SSE",609.61773759367,8.25573669395237,"rMultiLORSBeta_SSE"
"246","r","14","MultiLORS","test_R2",0.703822440222468,0.000588305151834485,"rMultiLORStest_R2"
"247","r","14","MultiLORS","test_SSE",4447634.9303321,9536.9671879946,"rMultiLORStest_SSE"
"248","r","14","MultiLORS","test_SST",15016960.2506769,23978.0490797039,"rMultiLORStest_SST"
"249","r","14","ORC_ALL_MultiLORS","Beta_SSE",74.2835343246263,0.940867885162833,"rORC_ALL_MultiLORSBeta_SSE"
"250","r","14","ORC_ALL_MultiLORS","test_R2",0.745401844619453,0.000266200427170918,"rORC_ALL_MultiLORStest_R2"
"251","r","14","ORC_ALL_MultiLORS","test_SSE",3817741.35320223,6381.33286206512,"rORC_ALL_MultiLORStest_SSE"
"252","r","14","ORC_ALL_MultiLORS","test_SST",14995236.3232862,23595.4731596281,"rORC_ALL_MultiLORStest_SST"
"253","r","14","ORC_L_ALL_glmnet","Beta_SSE",33.3330657630734,0.323159517636629,"rORC_L_ALL_glmnetBeta_SSE"
"254","r","14","ORC_L_ALL_glmnet","test_R2",0.748058927953483,0.000251954892579127,"rORC_L_ALL_glmnettest_R2"
"255","r","14","ORC_L_ALL_glmnet","test_SSE",3777259.59335137,6274.06401654383,"rORC_L_ALL_glmnettest_SSE"
"256","r","14","ORC_L_ALL_glmnet","test_SST",14992699.8619948,23727.4432377226,"rORC_L_ALL_glmnettest_SST"
"257","r","14","ORC_L_glmnet","Beta_SSE",134.735479328554,2.01693318912443,"rORC_L_glmnetBeta_SSE"
"258","r","14","ORC_L_glmnet","test_R2",0.741904519368239,0.000292718605469701,"rORC_L_glmnettest_R2"
"259","r","14","ORC_L_glmnet","test_SSE",3873652.08235707,6262.63344688289,"rORC_L_glmnettest_SSE"
"260","r","14","ORC_L_glmnet","test_SST",15008712.1597835,23892.0235174773,"rORC_L_glmnettest_SST"
"261","r","15","glmnet","Beta_SSE",1059.48566324759,11.1588747330957,"rglmnetBeta_SSE"
"262","r","15","glmnet","test_R2",0.671414754397672,0.000822901460229927,"rglmnettest_R2"
"263","r","15","glmnet","test_SSE",5263564.15687094,13377.7728500817,"rglmnettest_SSE"
"264","r","15","glmnet","test_SST",16019091.1113685,25020.1214394993,"rglmnettest_SST"
"265","r","15","MultiLORS","Beta_SSE",673.181679483213,8.32264720000786,"rMultiLORSBeta_SSE"
"266","r","15","MultiLORS","test_R2",0.702037192656338,0.000594205180214683,"rMultiLORStest_R2"
"267","r","15","MultiLORS","test_SSE",4773044.99841516,10417.9281977073,"rMultiLORStest_SSE"
"268","r","15","MultiLORS","test_SST",16019091.1113685,25020.1214394993,"rMultiLORStest_SST"
"269","r","15","ORC_ALL_MultiLORS","Beta_SSE",79.9166221679099,1.02608915816838,"rORC_ALL_MultiLORSBeta_SSE"
"270","r","15","ORC_ALL_MultiLORS","test_R2",0.745347620334518,0.000246872404409529,"rORC_ALL_MultiLORStest_R2"
"271","r","15","ORC_ALL_MultiLORS","test_SSE",4073367.5494925,6709.68100892581,"rORC_ALL_MultiLORStest_SSE"
"272","r","15","ORC_ALL_MultiLORS","test_SST",15995851.4902719,24456.4328867485,"rORC_ALL_MultiLORStest_SST"
"273","r","15","ORC_L_ALL_glmnet","Beta_SSE",33.4053380919933,0.321811133038076,"rORC_L_ALL_glmnetBeta_SSE"
"274","r","15","ORC_L_ALL_glmnet","test_R2",0.74815984358275,0.000236605041469271,"rORC_L_ALL_glmnettest_R2"
"275","r","15","ORC_L_ALL_glmnet","test_SSE",4027694.94643355,6576.47651151751,"rORC_L_ALL_glmnettest_SSE"
"276","r","15","ORC_L_ALL_glmnet","test_SST",15993118.182846,24609.5415487628,"rORC_L_ALL_glmnettest_SST"
"277","r","15","ORC_L_glmnet","Beta_SSE",136.764069879375,2.07861977575509,"rORC_L_glmnetBeta_SSE"
"278","r","15","ORC_L_glmnet","test_R2",0.742332103558742,0.000281834544694417,"rORC_L_glmnettest_R2"
"279","r","15","ORC_L_glmnet","test_SSE",4125289.82194802,6577.9529330747,"rORC_L_glmnettest_SSE"
"280","r","15","ORC_L_glmnet","test_SST",16010208.80927,24871.9080889621,"rORC_L_glmnettest_SST"
"281","R2","0.5","glmnet","Beta_SSE",223.059278923003,2.20107080839704,"R2glmnetBeta_SSE"
"282","R2","0.5","glmnet","test_R2",0.391393621188362,0.00113953971491957,"R2glmnettest_R2"
"283","R2","0.5","glmnet","test_SSE",1828902.73699971,5112.16621197133,"R2glmnettest_SSE"
"284","R2","0.5","glmnet","test_SST",3005062.20697408,6063.81516386318,"R2glmnettest_SST"
"285","R2","0.5","MultiLORS","Beta_SSE",131.39130523637,1.42791806253882,"R2MultiLORSBeta_SSE"
"286","R2","0.5","MultiLORS","test_R2",0.445758512304026,0.000677269183558926,"R2MultiLORStest_R2"
"287","R2","0.5","MultiLORS","test_SSE",1665521.81869552,3627.4621351269,"R2MultiLORStest_SSE"
"288","R2","0.5","MultiLORS","test_SST",3005062.20697408,6063.81516386318,"R2MultiLORStest_SST"
"289","R2","0.5","ORC_ALL_MultiLORS","Beta_SSE",37.6215963019029,0.342955316866389,"R2ORC_ALL_MultiLORSBeta_SSE"
"290","R2","0.5","ORC_ALL_MultiLORS","test_R2",0.487742784818191,0.000472296773539148,"R2ORC_ALL_MultiLORStest_R2"
"291","R2","0.5","ORC_ALL_MultiLORS","test_SSE",1537147.60792971,3200.76671002335,"R2ORC_ALL_MultiLORStest_SSE"
"292","R2","0.5","ORC_ALL_MultiLORS","test_SST",3000740.81622956,5901.12296270187,"R2ORC_ALL_MultiLORStest_SST"
"293","R2","0.5","ORC_L_ALL_glmnet","Beta_SSE",28.8947571959524,0.268727693564775,"R2ORC_L_ALL_glmnetBeta_SSE"
"294","R2","0.5","ORC_L_ALL_glmnet","test_R2",0.490583395098141,0.000457914441921753,"R2ORC_L_ALL_glmnettest_R2"
"295","R2","0.5","ORC_L_ALL_glmnet","test_SSE",1528149.08508945,3197.80782151666,"R2ORC_L_ALL_glmnettest_SSE"
"296","R2","0.5","ORC_L_ALL_glmnet","test_SST",2999808.17975853,5923.93174211258,"R2ORC_L_ALL_glmnettest_SST"
"297","R2","0.5","ORC_L_glmnet","Beta_SSE",85.6426780641719,0.899089827907458,"R2ORC_L_glmnetBeta_SSE"
"298","R2","0.5","ORC_L_glmnet","test_R2",0.469256611759301,0.000539672147350665,"R2ORC_L_glmnettest_R2"
"299","R2","0.5","ORC_L_glmnet","test_SSE",1593371.95677287,3287.87262284745,"R2ORC_L_glmnettest_SSE"
"300","R2","0.5","ORC_L_glmnet","test_SST",3002164.48354468,5962.87023717297,"R2ORC_L_glmnettest_SST"
"301","R2","0.55","glmnet","Beta_SSE",250.901132998954,2.59695082369287,"R2glmnetBeta_SSE"
"302","R2","0.55","glmnet","test_R2",0.444754106575898,0.00113142760443252,"R2glmnettest_R2"
"303","R2","0.55","glmnet","test_SSE",1853869.20125226,5385.83352095821,"R2glmnettest_SSE"
"304","R2","0.55","glmnet","test_SST",3338819.75312749,6685.31621589992,"R2glmnettest_SST"
"305","R2","0.55","MultiLORS","Beta_SSE",143.646000927142,1.56820273018129,"R2MultiLORSBeta_SSE"
"306","R2","0.55","MultiLORS","test_R2",0.49812551115422,0.000633244735700917,"R2MultiLORStest_R2"
"307","R2","0.55","MultiLORS","test_SSE",1675662.30852082,3745.73930508211,"R2MultiLORStest_SSE"
"308","R2","0.55","MultiLORS","test_SST",3338819.75312749,6685.31621589992,"R2MultiLORStest_SST"
"309","R2","0.55","ORC_ALL_MultiLORS","Beta_SSE",38.6574196813649,0.343528503707894,"R2ORC_ALL_MultiLORSBeta_SSE"
"310","R2","0.55","ORC_ALL_MultiLORS","test_R2",0.538738827958244,0.000450625439695604,"R2ORC_ALL_MultiLORStest_R2"
"311","R2","0.55","ORC_ALL_MultiLORS","test_SSE",1537858.77752449,3207.02917316157,"R2ORC_ALL_MultiLORStest_SSE"
"312","R2","0.55","ORC_ALL_MultiLORS","test_SST",3334038.77417207,6508.55071060152,"R2ORC_ALL_MultiLORStest_SST"
"313","R2","0.55","ORC_L_ALL_glmnet","Beta_SSE",29.5090843838354,0.2713124182151,"R2ORC_L_ALL_glmnetBeta_SSE"
"314","R2","0.55","ORC_L_ALL_glmnet","test_R2",0.541415755661998,0.000440386521091864,"R2ORC_L_ALL_glmnettest_R2"
"315","R2","0.55","ORC_L_ALL_glmnet","test_SSE",1528503.54309573,3203.01400230607,"R2ORC_L_ALL_glmnettest_SSE"
"316","R2","0.55","ORC_L_ALL_glmnet","test_SST",3333099.62028714,6533.38591300525,"R2ORC_L_ALL_glmnettest_SST"
"317","R2","0.55","ORC_L_glmnet","Beta_SSE",91.0434279096192,1.00530019553991,"R2ORC_L_glmnetBeta_SSE"
"318","R2","0.55","ORC_L_glmnet","test_R2",0.52120017418417,0.000531012031574861,"R2ORC_L_glmnettest_R2"
"319","R2","0.55","ORC_L_glmnet","test_SSE",1597227.60339751,3313.37810316252,"R2ORC_L_glmnettest_SSE"
"320","R2","0.55","ORC_L_glmnet","test_SST",3335915.13541867,6583.05535688496,"R2ORC_L_glmnettest_SST"
"321","R2","0.6","glmnet","Beta_SSE",281.276949979077,3.02219913761487,"R2glmnetBeta_SSE"
"322","R2","0.6","glmnet","test_R2",0.499399054920791,0.00112023887590412,"R2glmnettest_R2"
"323","R2","0.6","glmnet","test_SSE",1880270.52888799,5698.69574385125,"R2glmnettest_SSE"
"324","R2","0.6","glmnet","test_SST",3756021.20793581,7464.37521877524,"R2glmnettest_SST"
"325","R2","0.6","MultiLORS","Beta_SSE",156.651543023514,1.67037003392002,"R2MultiLORSBeta_SSE"
"326","R2","0.6","MultiLORS","test_R2",0.550993196561354,0.00059723840131907,"R2MultiLORStest_R2"
"327","R2","0.6","MultiLORS","test_SSE",1686471.65549872,3768.37934358322,"R2MultiLORStest_SSE"
"328","R2","0.6","MultiLORS","test_SST",3756021.20793581,7464.37521877524,"R2MultiLORStest_SST"
"329","R2","0.6","ORC_ALL_MultiLORS","Beta_SSE",39.8130302794363,0.38543297959967,"R2ORC_ALL_MultiLORSBeta_SSE"
"330","R2","0.6","ORC_ALL_MultiLORS","test_R2",0.589797218790447,0.000421851547679594,"R2ORC_ALL_MultiLORStest_R2"
"331","R2","0.6","ORC_ALL_MultiLORS","test_SSE",1538528.62065146,3197.51007283417,"R2ORC_ALL_MultiLORStest_SSE"
"332","R2","0.6","ORC_ALL_MultiLORS","test_SST",3750665.0386206,7270.85627716464,"R2ORC_ALL_MultiLORStest_SST"
"333","R2","0.6","ORC_L_ALL_glmnet","Beta_SSE",30.1084665356297,0.276719501521046,"R2ORC_L_ALL_glmnetBeta_SSE"
"334","R2","0.6","ORC_L_ALL_glmnet","test_R2",0.592270468268335,0.000416354301723219,"R2ORC_L_ALL_glmnettest_R2"
"335","R2","0.6","ORC_L_ALL_glmnet","test_SSE",1528866.80342704,3198.8372837151,"R2ORC_L_ALL_glmnettest_SSE"
"336","R2","0.6","ORC_L_ALL_glmnet","test_SST",3749718.52368465,7297.97083790629,"R2ORC_L_ALL_glmnettest_SST"
"337","R2","0.6","ORC_L_glmnet","Beta_SSE",96.3931070479985,1.12012267676874,"R2ORC_L_glmnetBeta_SSE"
"338","R2","0.6","ORC_L_glmnet","test_R2",0.573428042110195,0.000517423072201318,"R2ORC_L_glmnettest_R2"
"339","R2","0.6","ORC_L_glmnet","test_SSE",1600961.47650989,3337.21060679751,"R2ORC_L_glmnettest_SSE"
"340","R2","0.6","ORC_L_glmnet","test_SST",3753108.80352765,7361.49731771123,"R2ORC_L_glmnettest_SST"
"341","R2","0.65","glmnet","Beta_SSE",314.382141751293,3.62403533935132,"R2glmnetBeta_SSE"
"342","R2","0.65","glmnet","test_R2",0.555567956806653,0.00109595903458637,"R2glmnettest_R2"
"343","R2","0.65","glmnet","test_SSE",1907696.89804813,6125.71991664275,"R2glmnettest_SSE"
"344","R2","0.65","glmnet","test_SST",4292428.49338248,8468.82928823874,"R2glmnettest_SST"
"345","R2","0.65","MultiLORS","Beta_SSE",170.124899153136,1.91584146648764,"R2MultiLORSBeta_SSE"
"346","R2","0.65","MultiLORS","test_R2",0.604562652407312,0.000552072197936975,"R2MultiLORStest_R2"
"347","R2","0.65","MultiLORS","test_SSE",1697377.99448466,3800.36232964536,"R2MultiLORStest_SSE"
"348","R2","0.65","MultiLORS","test_SST",4292428.49338248,8468.82928823874,"R2MultiLORStest_SST"
"349","R2","0.65","ORC_ALL_MultiLORS","Beta_SSE",40.653365615346,0.429412890059266,"R2ORC_ALL_MultiLORSBeta_SSE"
"350","R2","0.65","ORC_ALL_MultiLORS","test_R2",0.640890611360939,0.000391972999297929,"R2ORC_ALL_MultiLORStest_R2"
"351","R2","0.65","ORC_ALL_MultiLORS","test_SSE",1539257.12253024,3217.6989755471,"R2ORC_ALL_MultiLORStest_SSE"
"352","R2","0.65","ORC_ALL_MultiLORS","test_SST",4286331.94929189,8254.63362138418,"R2ORC_ALL_MultiLORStest_SST"
"353","R2","0.65","ORC_L_ALL_glmnet","Beta_SSE",30.6797463944075,0.283632208403096,"R2ORC_L_ALL_glmnetBeta_SSE"
"354","R2","0.65","ORC_L_ALL_glmnet","test_R2",0.643158550886906,0.00038625696927455,"R2ORC_L_ALL_glmnettest_R2"
"355","R2","0.65","ORC_L_ALL_glmnet","test_SSE",1529195.3257457,3204.35452843433,"R2ORC_L_ALL_glmnettest_SSE"
"356","R2","0.65","ORC_L_ALL_glmnet","test_SST",4285376.91099839,8284.38298413778,"R2ORC_L_ALL_glmnettest_SST"
"357","R2","0.65","ORC_L_glmnet","Beta_SSE",101.792260397088,1.24166360319937,"R2ORC_L_glmnetBeta_SSE"
"358","R2","0.65","ORC_L_glmnet","test_R2",0.625880435209789,0.000491335095596034,"R2ORC_L_glmnettest_R2"
"359","R2","0.65","ORC_L_glmnet","test_SSE",1604777.57207769,3370.10718046902,"R2ORC_L_glmnettest_SSE"
"360","R2","0.65","ORC_L_glmnet","test_SST",4289507.07275875,8366.24131890084,"R2ORC_L_glmnettest_SST"
"361","R2","0.7","glmnet","Beta_SSE",350.624266914372,4.31194456306312,"R2glmnetBeta_SSE"
"362","R2","0.7","glmnet","test_R2",0.613179970193215,0.0010554324676701,"R2glmnettest_R2"
"363","R2","0.7","glmnet","test_SSE",1937063.54036086,6647.98259212089,"R2glmnettest_SSE"
"364","R2","0.7","glmnet","test_SST",5007645.05920884,9811.66668284761,"R2glmnettest_SST"
"365","R2","0.7","MultiLORS","Beta_SSE",183.895099532149,2.14912279414791,"R2MultiLORSBeta_SSE"
"366","R2","0.7","MultiLORS","test_R2",0.658773403031945,0.000521841747257024,"R2MultiLORStest_R2"
"367","R2","0.7","MultiLORS","test_SSE",1708736.02172201,4052.9780292262,"R2MultiLORStest_SSE"
"368","R2","0.7","MultiLORS","test_SST",5007645.05920884,9811.66668284761,"R2MultiLORStest_SST"
"369","R2","0.7","ORC_ALL_MultiLORS","Beta_SSE",41.4570187701404,0.495132430103074,"R2ORC_ALL_MultiLORSBeta_SSE"
"370","R2","0.7","ORC_ALL_MultiLORS","test_R2",0.692076256858043,0.00035643690178241,"R2ORC_ALL_MultiLORStest_R2"
"371","R2","0.7","ORC_ALL_MultiLORS","test_SSE",1539785.5549152,3226.99067319177,"R2ORC_ALL_MultiLORStest_SSE"
"372","R2","0.7","ORC_ALL_MultiLORS","test_SST",5000560.2803915,9570.77440436768,"R2ORC_ALL_MultiLORStest_SST"
"373","R2","0.7","ORC_L_ALL_glmnet","Beta_SSE",31.2241802961641,0.295130930038451,"R2ORC_L_ALL_glmnetBeta_SSE"
"374","R2","0.7","ORC_L_ALL_glmnet","test_R2",0.694070880284543,0.000350458267559874,"R2ORC_L_ALL_glmnettest_R2"
"375","R2","0.7","ORC_L_ALL_glmnet","test_SSE",1529516.13646826,3207.9168782508,"R2ORC_L_ALL_glmnettest_SSE"
"376","R2","0.7","ORC_L_ALL_glmnet","test_SST",4999595.06813632,9603.67188659957,"R2ORC_L_ALL_glmnettest_SST"
"377","R2","0.7","ORC_L_glmnet","Beta_SSE",107.10455956427,1.33251486169226,"R2ORC_L_glmnetBeta_SSE"
"378","R2","0.7","ORC_L_glmnet","test_R2",0.678593598695304,0.000450937481698026,"R2ORC_L_glmnettest_R2"
"379","R2","0.7","ORC_L_glmnet","test_SSE",1608533.82347544,3380.42208647841,"R2ORC_L_glmnettest_SSE"
"380","R2","0.7","ORC_L_glmnet","test_SST",5004712.87632026,9710.59105212294,"R2ORC_L_glmnettest_SST"
"381","R2","0.75","glmnet","Beta_SSE",391.908319813758,5.09898301676842,"R2glmnetBeta_SSE"
"382","R2","0.75","glmnet","test_R2",0.672243122688667,0.000981743266919929,"R2glmnettest_R2"
"383","R2","0.75","glmnet","test_SSE",1969488.02742087,7271.76217704345,"R2glmnettest_SSE"
"384","R2","0.75","glmnet","test_SST",6008957.53866364,11696.1553187715,"R2glmnettest_SST"
"385","R2","0.75","MultiLORS","Beta_SSE",198.815343520813,2.61075711044644,"R2MultiLORSBeta_SSE"
"386","R2","0.75","MultiLORS","test_R2",0.713693179093548,0.000496077657765327,"R2MultiLORStest_R2"
"387","R2","0.75","MultiLORS","test_SSE",1720397.83847814,4230.91211852066,"R2MultiLORStest_SSE"
"388","R2","0.75","MultiLORS","test_SST",6008957.53866364,11696.1553187715,"R2MultiLORStest_SST"
"389","R2","0.75","ORC_ALL_MultiLORS","Beta_SSE",42.136302062179,0.485836308786941,"R2ORC_ALL_MultiLORSBeta_SSE"
"390","R2","0.75","ORC_ALL_MultiLORS","test_R2",0.743299204079695,0.000316262507391871,"R2ORC_ALL_MultiLORStest_R2"
"391","R2","0.75","ORC_ALL_MultiLORS","test_SSE",1540323.46676976,3245.50438940647,"R2ORC_ALL_MultiLORStest_SSE"
"392","R2","0.75","ORC_ALL_MultiLORS","test_SST",6000487.78313743,11418.7264797017,"R2ORC_ALL_MultiLORStest_SST"
"393","R2","0.75","ORC_L_ALL_glmnet","Beta_SSE",31.7702630597866,0.298596870904015,"R2ORC_L_ALL_glmnetBeta_SSE"
"394","R2","0.75","ORC_L_ALL_glmnet","test_R2",0.74500519767174,0.000307039593110296,"R2ORC_L_ALL_glmnettest_R2"
"395","R2","0.75","ORC_L_ALL_glmnet","test_SSE",1529837.37282678,3207.98026593065,"R2ORC_L_ALL_glmnettest_SSE"
"396","R2","0.75","ORC_L_ALL_glmnet","test_SST",5999509.94100103,11455.5473041869,"R2ORC_L_ALL_glmnettest_SST"
"397","R2","0.75","ORC_L_glmnet","Beta_SSE",112.755165731139,1.43010318807464,"R2ORC_L_glmnetBeta_SSE"
"398","R2","0.75","ORC_L_glmnet","test_R2",0.731527889369035,0.000397038027175993,"R2ORC_L_glmnettest_R2"
"399","R2","0.75","ORC_L_glmnet","test_SSE",1612431.76519062,3382.0257188955,"R2ORC_L_glmnettest_SSE"
"400","R2","0.75","ORC_L_glmnet","test_SST",6006011.99557859,11598.3268045896,"R2ORC_L_glmnettest_SST"
"401","R2","0.8","glmnet","Beta_SSE",440.131392654523,6.06431090631859,"R2glmnetBeta_SSE"
"402","R2","0.8","glmnet","test_R2",0.732909992811011,0.000888214105277196,"R2glmnettest_R2"
"403","R2","0.8","glmnet","test_SSE",2006111.73574214,8013.390847863,"R2glmnettest_SSE"
"404","R2","0.8","glmnet","test_SST",7510940.06161089,14528.6174834804,"R2glmnettest_SST"
"405","R2","0.8","MultiLORS","Beta_SSE",216.408738016217,3.2491541980207,"R2MultiLORSBeta_SSE"
"406","R2","0.8","MultiLORS","test_R2",0.769163741507839,0.000457105751878937,"R2MultiLORStest_R2"
"407","R2","0.8","MultiLORS","test_SSE",1733785.2942985,4426.61118737842,"R2MultiLORStest_SSE"
"408","R2","0.8","MultiLORS","test_SST",7510940.06161089,14528.6174834804,"R2MultiLORStest_SST"
"409","R2","0.8","ORC_ALL_MultiLORS","Beta_SSE",42.9115772130811,0.449406277007615,"R2ORC_ALL_MultiLORSBeta_SSE"
"410","R2","0.8","ORC_ALL_MultiLORS","test_R2",0.794577470475451,0.000266310592724085,"R2ORC_ALL_MultiLORStest_R2"
"411","R2","0.8","ORC_ALL_MultiLORS","test_SSE",1540741.04998124,3228.02802780912,"R2ORC_ALL_MultiLORStest_SSE"
"412","R2","0.8","ORC_ALL_MultiLORS","test_SST",7500390.68871467,14197.0772784136,"R2ORC_ALL_MultiLORStest_SST"
"413","R2","0.8","ORC_L_ALL_glmnet","Beta_SSE",32.2993882594615,0.302806757312454,"R2ORC_L_ALL_glmnetBeta_SSE"
"414","R2","0.8","ORC_L_ALL_glmnet","test_R2",0.795961416536397,0.000258936507568636,"R2ORC_L_ALL_glmnettest_R2"
"415","R2","0.8","ORC_L_ALL_glmnet","test_SSE",1530158.56886005,3207.82011825185,"R2ORC_L_ALL_glmnettest_SSE"
"416","R2","0.8","ORC_L_ALL_glmnet","test_SST",7499396.30015635,14239.0745527928,"R2ORC_L_ALL_glmnettest_SST"
"417","R2","0.8","ORC_L_glmnet","Beta_SSE",119.107143216502,1.58379845113335,"R2ORC_L_glmnetBeta_SSE"
"418","R2","0.8","ORC_L_glmnet","test_R2",0.784653685251136,0.000336100336207699,"R2ORC_L_glmnettest_R2"
"419","R2","0.8","ORC_L_glmnet","test_SSE",1616798.19983378,3397.74041256768,"R2ORC_L_glmnettest_SSE"
"420","R2","0.8","ORC_L_glmnet","test_SST",7507977.01531707,14436.6853197946,"R2ORC_L_glmnettest_SST"
"421","R2","0.85","glmnet","Beta_SSE",498.701992455834,7.12569113480669,"R2glmnetBeta_SSE"
"422","R2","0.85","glmnet","test_R2",0.79539180805933,0.000751490864213159,"R2glmnettest_R2"
"423","R2","0.85","glmnet","test_SSE",2049025.2446757,8942.93417423733,"R2glmnettest_SSE"
"424","R2","0.85","glmnet","test_SST",10014267.7610908,19256.6028418411,"R2glmnettest_SST"
"425","R2","0.85","MultiLORS","Beta_SSE",237.980039145792,3.61585476137118,"R2MultiLORSBeta_SSE"
"426","R2","0.85","MultiLORS","test_R2",0.825275484938751,0.000394204118052259,"R2MultiLORStest_R2"
"427","R2","0.85","MultiLORS","test_SSE",1749723.95042305,4777.14204212113,"R2MultiLORStest_SSE"
"428","R2","0.85","MultiLORS","test_SST",10014267.7610908,19256.6028418411,"R2MultiLORStest_SST"
"429","R2","0.85","ORC_ALL_MultiLORS","Beta_SSE",43.5855444028029,0.430030294148924,"R2ORC_ALL_MultiLORSBeta_SSE"
"430","R2","0.85","ORC_ALL_MultiLORS","test_R2",0.845881829507496,0.00020939815405161,"R2ORC_ALL_MultiLORStest_R2"
"431","R2","0.85","ORC_ALL_MultiLORS","test_SSE",1541210.33971567,3218.03076147605,"R2ORC_ALL_MultiLORStest_SSE"
"432","R2","0.85","ORC_ALL_MultiLORS","test_SST",10000248.6959313,18835.0988250759,"R2ORC_ALL_MultiLORStest_SST"
"433","R2","0.85","ORC_L_ALL_glmnet","Beta_SSE",32.883623309216,0.313028948350461,"R2ORC_L_ALL_glmnetBeta_SSE"
"434","R2","0.85","ORC_L_ALL_glmnet","test_R2",0.846938645563178,0.000204366762304093,"R2ORC_L_ALL_glmnettest_R2"
"435","R2","0.85","ORC_L_ALL_glmnet","test_SSE",1530486.96786253,3210.4000455525,"R2ORC_L_ALL_glmnettest_SSE"
"436","R2","0.85","ORC_L_ALL_glmnet","test_SST",9999230.81217694,18884.5235307541,"R2ORC_L_ALL_glmnettest_SST"
"437","R2","0.85","ORC_L_glmnet","Beta_SSE",127.192377387591,1.78018815829443,"R2ORC_L_glmnetBeta_SSE"
"438","R2","0.85","ORC_L_glmnet","test_R2",0.837962779422287,0.000269795514052761,"R2ORC_L_glmnettest_R2"
"439","R2","0.85","ORC_L_glmnet","test_SSE",1622181.10530642,3457.15061631472,"R2ORC_L_glmnettest_SSE"
"440","R2","0.85","ORC_L_glmnet","test_SST",10011279.8610055,19175.0859386913,"R2ORC_L_glmnettest_SST"
"441","R2","0.9","glmnet","Beta_SSE",573.678342399003,8.7921139957101,"R2glmnetBeta_SSE"
"442","R2","0.9","glmnet","test_R2",0.859999334946202,0.000589448843471939,"R2glmnettest_R2"
"443","R2","0.9","glmnet","test_SSE",2102979.21921126,10274.4631770401,"R2glmnettest_SSE"
"444","R2","0.9","glmnet","test_SST",15020973.4248921,28720.8632517372,"R2glmnettest_SST"
"445","R2","0.9","MultiLORS","Beta_SSE",266.075291347994,4.38139980263724,"R2MultiLORSBeta_SSE"
"446","R2","0.9","MultiLORS","test_R2",0.882100667698111,0.000303534498667067,"R2MultiLORStest_R2"
"447","R2","0.9","MultiLORS","test_SSE",1770948.68796189,5303.64927511218,"R2MultiLORStest_SSE"
"448","R2","0.9","MultiLORS","test_SST",15020973.4248921,28720.8632517372,"R2MultiLORStest_SST"
"449","R2","0.9","ORC_ALL_MultiLORS","Beta_SSE",44.7063846181872,0.474212063245877,"R2ORC_ALL_MultiLORSBeta_SSE"
"450","R2","0.9","ORC_ALL_MultiLORS","test_R2",0.897216562448236,0.000146800019965058,"R2ORC_ALL_MultiLORStest_R2"
"451","R2","0.9","ORC_ALL_MultiLORS","test_SSE",1541740.86605432,3210.78779832184,"R2ORC_ALL_MultiLORStest_SSE"
"452","R2","0.9","ORC_ALL_MultiLORS","test_SST",15000007.1378257,28117.9638669435,"R2ORC_ALL_MultiLORStest_SST"
"453","R2","0.9","ORC_L_ALL_glmnet","Beta_SSE",33.5464195365196,0.32702354522288,"R2ORC_L_ALL_glmnetBeta_SSE"
"454","R2","0.9","ORC_L_ALL_glmnet","test_R2",0.897934517533127,0.000142559201556633,"R2ORC_L_ALL_glmnettest_R2"
"455","R2","0.9","ORC_L_ALL_glmnet","test_SSE",1530865.04013431,3209.29910884661,"R2ORC_L_ALL_glmnettest_SSE"
"456","R2","0.9","ORC_L_ALL_glmnet","test_SST",14998950.9971801,28179.6524606922,"R2ORC_L_ALL_glmnettest_SST"
"457","R2","0.9","ORC_L_glmnet","Beta_SSE",140.751249846482,2.16474124313715,"R2ORC_L_glmnetBeta_SSE"
"458","R2","0.9","ORC_L_glmnet","test_R2",0.891366670744086,0.000197914893204484,"R2ORC_L_glmnettest_R2"
"459","R2","0.9","ORC_L_glmnet","test_SSE",1631428.35690305,3595.61847262791,"R2ORC_L_glmnettest_SSE"
"460","R2","0.9","ORC_L_glmnet","test_SST",15017945.0557339,28659.0317212916,"R2ORC_L_glmnettest_SST"
"461","theta","10","glmnet","Beta_SSE",132.640562879002,1.40391786560777,"thetaglmnetBeta_SSE"
"462","theta","10","glmnet","test_R2",0.671374383026399,0.000765142611814928,"thetaglmnettest_R2"
"463","theta","10","glmnet","test_SSE",658152.779897231,1738.31022514821,"thetaglmnettest_SSE"
"464","theta","10","glmnet","test_SST",2002749.93972213,2908.96695440193,"thetaglmnettest_SST"
"465","theta","10","MultiLORS","Beta_SSE",112.749085396767,1.13167941150786,"thetaMultiLORSBeta_SSE"
"466","theta","10","MultiLORS","test_R2",0.684864509747483,0.000587718074581299,"thetaMultiLORStest_R2"
"467","theta","10","MultiLORS","test_SSE",631134.127411823,1365.95929250709,"thetaMultiLORStest_SSE"
"468","theta","10","MultiLORS","test_SST",2002749.93972213,2908.96695440193,"thetaMultiLORStest_SST"
"469","theta","10","ORC_ALL_MultiLORS","Beta_SSE",35.6402251713239,0.308467299630748,"thetaORC_ALL_MultiLORSBeta_SSE"
"470","theta","10","ORC_ALL_MultiLORS","test_R2",0.732633839273934,0.000285661499171042,"thetaORC_ALL_MultiLORStest_R2"
"471","theta","10","ORC_ALL_MultiLORS","test_SSE",534726.21353628,822.6723421673,"thetaORC_ALL_MultiLORStest_SSE"
"472","theta","10","ORC_ALL_MultiLORS","test_SST",1999986.4428987,2819.01393595922,"thetaORC_ALL_MultiLORStest_SST"
"473","theta","10","ORC_L_ALL_glmnet","Beta_SSE",28.9353305775021,0.266873272012539,"thetaORC_L_ALL_glmnetBeta_SSE"
"474","theta","10","ORC_L_ALL_glmnet","test_R2",0.735939698061379,0.000262919678888903,"thetaORC_L_ALL_glmnettest_R2"
"475","theta","10","ORC_L_ALL_glmnet","test_SSE",528062.83496775,808.909932524756,"thetaORC_L_ALL_glmnettest_SSE"
"476","theta","10","ORC_L_ALL_glmnet","test_SST",1999789.06900979,2827.2396903103,"thetaORC_L_ALL_glmnettest_SST"
"477","theta","10","ORC_L_glmnet","Beta_SSE",85.9439041740781,0.904478038144619,"thetaORC_L_glmnetBeta_SSE"
"478","theta","10","ORC_L_glmnet","test_R2",0.7036004798742,0.000465989947043444,"thetaORC_L_glmnettest_R2"
"479","theta","10","ORC_L_glmnet","test_SSE",593433.681614201,1109.3863527319,"thetaORC_L_glmnettest_SSE"
"480","theta","10","ORC_L_glmnet","test_SST",2002153.97033618,2884.49115958188,"thetaORC_L_glmnettest_SST"
"481","theta","20","glmnet","Beta_SSE",197.687737945902,2.30110013477705,"thetaglmnetBeta_SSE"
"482","theta","20","glmnet","test_R2",0.671709187083924,0.000853617642917277,"thetaglmnettest_R2"
"483","theta","20","glmnet","test_SSE",986250.745814209,3043.63024948694,"thetaglmnettest_SSE"
"484","theta","20","glmnet","test_SST",3004199.62651486,5073.40280925231,"thetaglmnettest_SST"
"485","theta","20","MultiLORS","Beta_SSE",141.741285869677,1.53097803663806,"thetaMultiLORSBeta_SSE"
"486","theta","20","MultiLORS","test_R2",0.696682899268904,0.000538197106819273,"thetaMultiLORStest_R2"
"487","theta","20","MultiLORS","test_SSE",911221.320021531,2099.15939050504,"thetaMultiLORStest_SSE"
"488","theta","20","MultiLORS","test_SST",3004199.62651486,5073.40280925231,"thetaMultiLORStest_SST"
"489","theta","20","ORC_ALL_MultiLORS","Beta_SSE",38.4734144230853,0.385636810849609,"thetaORC_ALL_MultiLORSBeta_SSE"
"490","theta","20","ORC_ALL_MultiLORS","test_R2",0.737608976999472,0.000292647520504484,"thetaORC_ALL_MultiLORStest_R2"
"491","theta","20","ORC_ALL_MultiLORS","test_SSE",787172.583235553,1409.019048559,"thetaORC_ALL_MultiLORStest_SSE"
"492","theta","20","ORC_ALL_MultiLORS","test_SST",3000011.74886177,4934.85853570781,"thetaORC_ALL_MultiLORStest_SST"
"493","theta","20","ORC_L_ALL_glmnet","Beta_SSE",30.1326677844871,0.277253853412232,"thetaORC_L_ALL_glmnetBeta_SSE"
"494","theta","20","ORC_L_ALL_glmnet","test_R2",0.740368412824384,0.000280689053420392,"thetaORC_L_ALL_glmnettest_R2"
"495","theta","20","ORC_L_ALL_glmnet","test_SSE",778792.842524026,1397.14339134775,"thetaORC_L_ALL_glmnettest_SSE"
"496","theta","20","ORC_L_ALL_glmnet","test_SST",2999619.73925206,4950.4409894369,"thetaORC_L_ALL_glmnettest_SST"
"497","theta","20","ORC_L_glmnet","Beta_SSE",96.56649332531,1.12228281567179,"thetaORC_L_glmnetBeta_SSE"
"498","theta","20","ORC_L_glmnet","test_R2",0.716642209449067,0.000441213095392153,"thetaORC_L_glmnettest_R2"
"499","theta","20","ORC_L_glmnet","test_SSE",850920.723246212,1669.18621817802,"thetaORC_L_glmnettest_SSE"
"500","theta","20","ORC_L_glmnet","test_SST",3003015.64290343,5028.22121785353,"thetaORC_L_glmnettest_SST"
"501","theta","30","glmnet","Beta_SSE",262.55314940604,3.22585615114199,"thetaglmnetBeta_SSE"
"502","theta","30","glmnet","test_R2",0.671933509988776,0.000918859195920092,"thetaglmnettest_R2"
"503","theta","30","glmnet","test_SSE",1314152.38998464,4432.77831043456,"thetaglmnettest_SSE"
"504","theta","30","glmnet","test_SST",4005743.65031415,7272.14904198835,"thetaglmnettest_SST"
"505","theta","30","MultiLORS","Beta_SSE",163.987788407331,1.84883497888464,"thetaMultiLORSBeta_SSE"
"506","theta","30","MultiLORS","test_R2",0.704258761735725,0.00052059633492974,"thetaMultiLORStest_R2"
"507","theta","30","MultiLORS","test_SSE",1184659.80116452,2867.88460807339,"thetaMultiLORStest_SSE"
"508","theta","30","MultiLORS","test_SST",4005743.65031415,7272.14904198835,"thetaMultiLORStest_SST"
"509","theta","30","ORC_ALL_MultiLORS","Beta_SSE",40.1369426769351,0.452097615051135,"thetaORC_ALL_MultiLORSBeta_SSE"
"510","theta","30","ORC_ALL_MultiLORS","test_R2",0.74034709221466,0.000302895146929626,"thetaORC_ALL_MultiLORStest_R2"
"511","theta","30","ORC_ALL_MultiLORS","test_SSE",1038640.68221154,2017.20985512405,"thetaORC_ALL_MultiLORStest_SSE"
"512","theta","30","ORC_ALL_MultiLORS","test_SST",4000129.53725911,7086.58766269503,"thetaORC_ALL_MultiLORStest_SST"
"513","theta","30","ORC_L_ALL_glmnet","Beta_SSE",30.8811616303333,0.288745576860892,"thetaORC_L_ALL_glmnetBeta_SSE"
"514","theta","30","ORC_L_ALL_glmnet","test_R2",0.742656123662306,0.000293673065297542,"thetaORC_L_ALL_glmnettest_R2"
"515","theta","30","ORC_L_ALL_glmnet","test_SSE",1029253.58787936,2004.2220431662,"thetaORC_L_ALL_glmnettest_SSE"
"516","theta","30","ORC_L_ALL_glmnet","test_SST",3999542.50995989,7109.29790614246,"thetaORC_L_ALL_glmnettest_SST"
"517","theta","30","ORC_L_glmnet","Beta_SSE",103.672827325795,1.26949577821161,"thetaORC_L_glmnetBeta_SSE"
"518","theta","30","ORC_L_glmnet","test_R2",0.723765453553888,0.000429987267728637,"thetaORC_L_glmnettest_R2"
"519","theta","30","ORC_L_glmnet","test_SSE",1106025.44954325,2261.6131077742,"thetaORC_L_glmnettest_SSE"
"520","theta","30","ORC_L_glmnet","test_SST",4003972.25223563,7208.41702715324,"thetaORC_L_glmnettest_SST"
"521","theta","40","glmnet","Beta_SSE",327.301811518669,4.19060988864519,"thetaglmnetBeta_SSE"
"522","theta","40","glmnet","test_R2",0.67209114007133,0.000955963328375365,"thetaglmnettest_R2"
"523","theta","40","glmnet","test_SSE",1641956.33764661,5855.82019582439,"thetaglmnettest_SSE"
"524","theta","40","glmnet","test_SST",5007335.49895253,9481.79351381713,"thetaglmnettest_SST"
"525","theta","40","MultiLORS","Beta_SSE",182.802018498276,2.17580989190623,"thetaMultiLORSBeta_SSE"
"526","theta","40","MultiLORS","test_R2",0.709648549821369,0.000502958740145134,"thetaMultiLORStest_R2"
"527","theta","40","MultiLORS","test_SSE",1453882.31056645,3570.83158037298,"thetaMultiLORStest_SSE"
"528","theta","40","MultiLORS","test_SST",5007335.49895253,9481.79351381713,"thetaMultiLORStest_SST"
"529","theta","40","ORC_ALL_MultiLORS","Beta_SSE",41.3472940998686,0.490098156661835,"thetaORC_ALL_MultiLORSBeta_SSE"
"530","theta","40","ORC_ALL_MultiLORS","test_R2",0.742094754938745,0.000308938780120271,"thetaORC_ALL_MultiLORStest_R2"
"531","theta","40","ORC_ALL_MultiLORS","test_SSE",1289596.31098622,2618.73956959166,"thetaORC_ALL_MultiLORStest_SSE"
"532","theta","40","ORC_ALL_MultiLORS","test_SST",5000293.97695457,9250.02846175264,"thetaORC_ALL_MultiLORStest_SST"
"533","theta","40","ORC_L_ALL_glmnet","Beta_SSE",31.3959571391021,0.295017572996912,"thetaORC_L_ALL_glmnetBeta_SSE"
"534","theta","40","ORC_L_ALL_glmnet","test_R2",0.744056699826931,0.000301367800617454,"thetaORC_L_ALL_glmnettest_R2"
"535","theta","40","ORC_L_ALL_glmnet","test_SSE",1279586.15776606,2604.23471587505,"thetaORC_L_ALL_glmnettest_SSE"
"536","theta","40","ORC_L_ALL_glmnet","test_SST",4999511.64701083,9279.80340695044,"thetaORC_L_ALL_glmnettest_SST"
"537","theta","40","ORC_L_glmnet","Beta_SSE",108.710386499091,1.35828251138679,"thetaORC_L_glmnetBeta_SSE"
"538","theta","40","ORC_L_glmnet","test_R2",0.72835086606384,0.000411715745275313,"thetaORC_L_glmnettest_R2"
"539","theta","40","ORC_L_glmnet","test_SSE",1359585.2427757,2829.46267705698,"thetaORC_L_glmnettest_SSE"
"540","theta","40","ORC_L_glmnet","test_SST",5004976.95037857,9400.65029129018,"thetaORC_L_glmnettest_SST"
"541","theta","50","glmnet","Beta_SSE",391.908319813758,5.09898301676842,"thetaglmnetBeta_SSE"
"542","theta","50","glmnet","test_R2",0.672243122688667,0.00098174326691993,"thetaglmnettest_R2"
"543","theta","50","glmnet","test_SSE",1969488.02742087,7271.76217704345,"thetaglmnettest_SSE"
"544","theta","50","glmnet","test_SST",6008957.53866364,11696.1553187715,"thetaglmnettest_SST"
"545","theta","50","MultiLORS","Beta_SSE",198.821900262413,2.61031702819033,"thetaMultiLORSBeta_SSE"
"546","theta","50","MultiLORS","test_R2",0.713692467077299,0.000495970322095308,"thetaMultiLORStest_R2"
"547","theta","50","MultiLORS","test_SSE",1720402.14515084,4231.39450183541,"thetaMultiLORStest_SSE"
"548","theta","50","MultiLORS","test_SST",6008957.53866364,11696.1553187715,"thetaMultiLORStest_SST"
"549","theta","50","ORC_ALL_MultiLORS","Beta_SSE",42.136302062179,0.485836308786941,"thetaORC_ALL_MultiLORSBeta_SSE"
"550","theta","50","ORC_ALL_MultiLORS","test_R2",0.743299204079695,0.000316262507391871,"thetaORC_ALL_MultiLORStest_R2"
"551","theta","50","ORC_ALL_MultiLORS","test_SSE",1540323.46676976,3245.50438940647,"thetaORC_ALL_MultiLORStest_SSE"
"552","theta","50","ORC_ALL_MultiLORS","test_SST",6000487.78313743,11418.7264797017,"thetaORC_ALL_MultiLORStest_SST"
"553","theta","50","ORC_L_ALL_glmnet","Beta_SSE",31.7702630597866,0.298596870904015,"thetaORC_L_ALL_glmnetBeta_SSE"
"554","theta","50","ORC_L_ALL_glmnet","test_R2",0.74500519767174,0.000307039593110296,"thetaORC_L_ALL_glmnettest_R2"
"555","theta","50","ORC_L_ALL_glmnet","test_SSE",1529837.37282678,3207.98026593065,"thetaORC_L_ALL_glmnettest_SSE"
"556","theta","50","ORC_L_ALL_glmnet","test_SST",5999509.94100103,11455.5473041869,"thetaORC_L_ALL_glmnettest_SST"
"557","theta","50","ORC_L_glmnet","Beta_SSE",112.755165731139,1.43010318807464,"thetaORC_L_glmnetBeta_SSE"
"558","theta","50","ORC_L_glmnet","test_R2",0.731527889369035,0.000397038027175992,"thetaORC_L_glmnettest_R2"
"559","theta","50","ORC_L_glmnet","test_SSE",1612431.76519062,3382.0257188955,"thetaORC_L_glmnettest_SSE"
"560","theta","50","ORC_L_glmnet","test_SST",6006011.99557859,11598.3268045896,"thetaORC_L_glmnettest_SST"
"561","theta","60","glmnet","Beta_SSE",456.752468225287,6.03318604321375,"thetaglmnetBeta_SSE"
"562","theta","60","glmnet","test_R2",0.672299647413089,0.000998638623721444,"thetaglmnettest_R2"
"563","theta","60","glmnet","test_SSE",2297390.64657067,8660.96537101809,"thetaglmnettest_SSE"
"564","theta","60","glmnet","test_SST",7010600.85027422,13912.9206844086,"thetaglmnettest_SST"
"565","theta","60","MultiLORS","Beta_SSE",213.30979461535,2.83856622875998,"thetaMultiLORSBeta_SSE"
"566","theta","60","MultiLORS","test_R2",0.716827535000813,0.000487091572846565,"thetaMultiLORStest_R2"
"567","theta","60","MultiLORS","test_SSE",1985199.34776574,4895.59556546629,"thetaMultiLORStest_SSE"
"568","theta","60","MultiLORS","test_SST",7010600.85027422,13912.9206844086,"thetaMultiLORStest_SST"
"569","theta","60","ORC_ALL_MultiLORS","Beta_SSE",42.9140556611246,0.507885536528045,"thetaORC_ALL_MultiLORSBeta_SSE"
"570","theta","60","ORC_ALL_MultiLORS","test_R2",0.744182714482401,0.000318547446503487,"thetaORC_ALL_MultiLORStest_R2"
"571","theta","60","ORC_ALL_MultiLORS","test_SSE",1790893.09752575,3850.44102082375,"thetaORC_ALL_MultiLORStest_SSE"
"572","theta","60","ORC_ALL_MultiLORS","test_SST",7000702.24155844,13590.224373764,"thetaORC_ALL_MultiLORStest_SST"
"573","theta","60","ORC_L_ALL_glmnet","Beta_SSE",32.0688707838923,0.304709085333791,"thetaORC_L_ALL_glmnetBeta_SSE"
"574","theta","60","ORC_L_ALL_glmnet","test_R2",0.745688017479827,0.000311558598002475,"thetaORC_L_ALL_glmnettest_R2"
"575","theta","60","ORC_L_ALL_glmnet","test_SSE",1780056.41984151,3813.58712347049,"thetaORC_L_ALL_glmnettest_SSE"
"576","theta","60","ORC_L_ALL_glmnet","test_SST",6999528.7268872,13634.0874006192,"thetaORC_L_ALL_glmnettest_SST"
"577","theta","60","ORC_L_glmnet","Beta_SSE",116.156600330013,1.5149290372258,"thetaORC_L_glmnetBeta_SSE"
"578","theta","60","ORC_L_glmnet","test_R2",0.733866201269605,0.000387508216187514,"thetaORC_L_glmnettest_R2"
"579","theta","60","ORC_L_glmnet","test_SSE",1864800.82436064,3962.27812408593,"thetaORC_L_glmnettest_SSE"
"580","theta","60","ORC_L_glmnet","test_SST",7007068.41856782,13798.9206198386,"thetaORC_L_glmnettest_SST"
"581","theta","70","glmnet","Beta_SSE",521.313746222463,6.91850125980117,"thetaglmnetBeta_SSE"
"582","theta","70","glmnet","test_R2",0.672370403763345,0.00100366910405053,"thetaglmnettest_R2"
"583","theta","70","glmnet","test_SSE",2625072.32136839,10022.7725023175,"thetaglmnettest_SSE"
"584","theta","70","glmnet","test_SST",8012260.18724779,16131.0370842086,"thetaglmnettest_SST"
"585","theta","70","MultiLORS","Beta_SSE",226.380260681119,3.32935923849869,"thetaMultiLORSBeta_SSE"
"586","theta","70","MultiLORS","test_R2",0.719330910208095,0.000489308044151955,"thetaMultiLORStest_R2"
"587","theta","70","MultiLORS","test_SSE",2248780.68696037,5568.88675954401,"thetaMultiLORStest_SSE"
"588","theta","70","MultiLORS","test_SST",8012260.18724779,16131.0370842086,"thetaMultiLORStest_SST"
"589","theta","70","ORC_ALL_MultiLORS","Beta_SSE",43.4212885553001,0.515131935738488,"thetaORC_ALL_MultiLORSBeta_SSE"
"590","theta","70","ORC_ALL_MultiLORS","test_R2",0.744860946025618,0.0003203818016081,"thetaORC_ALL_MultiLORStest_R2"
"591","theta","70","ORC_ALL_MultiLORS","test_SSE",2041341.15817735,4435.00313897123,"thetaORC_ALL_MultiLORStest_SSE"
"592","theta","70","ORC_ALL_MultiLORS","test_SST",8000932.23782643,15763.3813029712,"thetaORC_ALL_MultiLORStest_SST"
"593","theta","70","ORC_L_ALL_glmnet","Beta_SSE",32.2976281908565,0.30111507607109,"thetaORC_L_ALL_glmnetBeta_SSE"
"594","theta","70","ORC_L_ALL_glmnet","test_R2",0.746206792575088,0.000315390762004206,"thetaORC_L_ALL_glmnettest_R2"
"595","theta","70","ORC_L_ALL_glmnet","test_SSE",2030225.90465763,4417.72875586955,"thetaORC_L_ALL_glmnettest_SSE"
"596","theta","70","ORC_L_ALL_glmnet","test_SST",7999562.92344603,15814.2887448864,"thetaORC_L_ALL_glmnettest_SST"
"597","theta","70","ORC_L_glmnet","Beta_SSE",119.072771958732,1.58070160528134,"thetaORC_L_glmnetBeta_SSE"
"598","theta","70","ORC_L_glmnet","test_R2",0.735654395912702,0.000380176584699643,"thetaORC_L_glmnettest_R2"
"599","theta","70","ORC_L_glmnet","test_SSE",2116898.07295729,4544.96583451115,"thetaORC_L_glmnettest_SSE"
"600","theta","70","ORC_L_glmnet","test_SST",8008140.94485973,16001.2536814377,"thetaORC_L_glmnettest_SST"
"601","theta","80","glmnet","Beta_SSE",585.975161030684,7.78427756685823,"thetaglmnetBeta_SSE"
"602","theta","80","glmnet","test_R2",0.672431865457873,0.00100621378781071,"thetaglmnettest_R2"
"603","theta","80","glmnet","test_SSE",2952700.10808622,11372.4124793693,"thetaglmnettest_SSE"
"604","theta","80","glmnet","test_SST",9013932.15627636,18349.9620397973,"thetaglmnettest_SST"
"605","theta","80","MultiLORS","Beta_SSE",238.216315817822,3.59125314553311,"thetaMultiLORSBeta_SSE"
"606","theta","80","MultiLORS","test_R2",0.721407761413506,0.00048542346991605,"thetaMultiLORStest_R2"
"607","theta","80","MultiLORS","test_SSE",2511196.73416069,6256.52469132608,"thetaMultiLORStest_SSE"
"608","theta","80","MultiLORS","test_SST",9013932.15627636,18349.9620397973,"thetaMultiLORStest_SST"
"609","theta","80","ORC_ALL_MultiLORS","Beta_SSE",43.9851922240486,0.556967993537313,"thetaORC_ALL_MultiLORSBeta_SSE"
"610","theta","80","ORC_ALL_MultiLORS","test_R2",0.745392166336768,0.000323020109886775,"thetaORC_ALL_MultiLORStest_R2"
"611","theta","80","ORC_ALL_MultiLORS","test_SSE",2291759.23473601,5041.0792918777,"thetaORC_ALL_MultiLORStest_SSE"
"612","theta","80","ORC_ALL_MultiLORS","test_SST",9001174.46965428,17937.5954048763,"thetaORC_ALL_MultiLORStest_SST"
"613","theta","80","ORC_L_ALL_glmnet","Beta_SSE",32.5081206264157,0.309650419105988,"thetaORC_L_ALL_glmnetBeta_SSE"
"614","theta","80","ORC_L_ALL_glmnet","test_R2",0.746611133543205,0.00031791959552722,"thetaORC_L_ALL_glmnettest_R2"
"615","theta","80","ORC_L_ALL_glmnet","test_SSE",2280390.89558746,5025.43398572604,"thetaORC_L_ALL_glmnettest_SSE"
"616","theta","80","ORC_L_ALL_glmnet","test_SST",8999609.25175321,17995.5518587763,"thetaORC_L_ALL_glmnettest_SST"
"617","theta","80","ORC_L_glmnet","Beta_SSE",121.70769183738,1.6381703785669,"thetaORC_L_glmnetBeta_SSE"
"618","theta","80","ORC_L_glmnet","test_R2",0.73707985527461,0.000376222986897198,"thetaORC_L_glmnettest_R2"
"619","theta","80","ORC_L_glmnet","test_SSE",2368686.34986637,5135.95114741518,"thetaORC_L_glmnettest_SSE"
"620","theta","80","ORC_L_glmnet","test_SST",9009226.16369315,18204.7020449621,"thetaORC_L_glmnettest_SST"
"621","theta","90","glmnet","Beta_SSE",650.559206053332,8.65340316970453,"thetaglmnetBeta_SSE"
"622","theta","90","glmnet","test_R2",0.672490204251635,0.00101032396831985,"thetaglmnettest_R2"
"623","theta","90","glmnet","test_SSE",3280239.11777094,12732.36124476,"thetaglmnettest_SSE"
"624","theta","90","glmnet","test_SST",10015614.4138368,20569.3906305905,"thetaglmnettest_SST"
"625","theta","90","MultiLORS","Beta_SSE",249.698987356521,3.93945097504129,"thetaMultiLORSBeta_SSE"
"626","theta","90","MultiLORS","test_R2",0.723154872455207,0.000482582155344537,"thetaMultiLORStest_R2"
"627","theta","90","MultiLORS","test_SSE",2772757.78503972,6953.2585080167,"thetaMultiLORStest_SSE"
"628","theta","90","MultiLORS","test_SST",10015614.4138368,20569.3906305905,"thetaMultiLORStest_SST"
"629","theta","90","ORC_ALL_MultiLORS","Beta_SSE",44.3679273806755,0.550255977959406,"thetaORC_ALL_MultiLORSBeta_SSE"
"630","theta","90","ORC_ALL_MultiLORS","test_R2",0.745823779798637,0.000325202062858678,"thetaORC_ALL_MultiLORStest_R2"
"631","theta","90","ORC_ALL_MultiLORS","test_SSE",2542113.32718875,5646.37284933096,"thetaORC_ALL_MultiLORStest_SSE"
"632","theta","90","ORC_ALL_MultiLORS","test_SST",10001426.6593436,20112.5194154209,"thetaORC_ALL_MultiLORStest_SST"
"633","theta","90","ORC_L_ALL_glmnet","Beta_SSE",32.6804737711754,0.313333971328299,"thetaORC_L_ALL_glmnetBeta_SSE"
"634","theta","90","ORC_L_ALL_glmnet","test_R2",0.746937507777014,0.00032007440814964,"thetaORC_L_ALL_glmnettest_R2"
"635","theta","90","ORC_L_ALL_glmnet","test_SSE",2530529.22270514,5630.74997286561,"thetaORC_L_ALL_glmnettest_SSE"
"636","theta","90","ORC_L_ALL_glmnet","test_SST",9999665.45121635,20177.5303815326,"thetaORC_L_ALL_glmnettest_SST"
"637","theta","90","ORC_L_glmnet","Beta_SSE",124.122238209752,1.69100307280217,"thetaORC_L_glmnetBeta_SSE"
"638","theta","90","ORC_L_glmnet","test_R2",0.738230183613905,0.000373001983847344,"thetaORC_L_glmnettest_R2"
"639","theta","90","ORC_L_glmnet","test_SSE",2620378.04382035,5747.65109183298,"thetaORC_L_glmnettest_SSE"
"640","theta","90","ORC_L_glmnet","test_SST",10010321.7197853,20408.9043821947,"thetaORC_L_glmnettest_SST"
"641","theta","100","glmnet","Beta_SSE",715.23992218675,9.62238562863436,"thetaglmnetBeta_SSE"
"642","theta","100","glmnet","test_R2",0.672535698930172,0.00101856504868907,"thetaglmnettest_R2"
"643","theta","100","glmnet","test_SSE",3607807.53061561,14175.0658605125,"thetaglmnettest_SSE"
"644","theta","100","glmnet","test_SST",11017305.2614375,22789.1402562276,"thetaglmnettest_SST"
"645","theta","100","MultiLORS","Beta_SSE",260.336033448086,4.30699543323512,"thetaMultiLORSBeta_SSE"
"646","theta","100","MultiLORS","test_R2",0.724641216323382,0.00048419391463445,"thetaMultiLORStest_R2"
"647","theta","100","MultiLORS","test_SSE",3033693.57403485,7663.20095650527,"thetaMultiLORStest_SSE"
"648","theta","100","MultiLORS","test_SST",11017305.2614375,22789.1402562276,"thetaMultiLORStest_SST"
"649","theta","100","ORC_ALL_MultiLORS","Beta_SSE",44.7812164720666,0.569123522337397,"thetaORC_ALL_MultiLORSBeta_SSE"
"650","theta","100","ORC_ALL_MultiLORS","test_R2",0.746180787565565,0.000326274287217595,"thetaORC_ALL_MultiLORStest_R2"
"651","theta","100","ORC_ALL_MultiLORS","test_SSE",2792427.02276707,6252.6593844265,"thetaORC_ALL_MultiLORStest_SSE"
"652","theta","100","ORC_ALL_MultiLORS","test_SST",11001687.1578221,22287.9392350333,"thetaORC_ALL_MultiLORStest_SST"
"653","theta","100","ORC_L_ALL_glmnet","Beta_SSE",32.8255201887162,0.312029393880569,"thetaORC_L_ALL_glmnetBeta_SSE"
"654","theta","100","ORC_L_ALL_glmnet","test_R2",0.747206863853242,0.000321726013051652,"thetaORC_L_ALL_glmnettest_R2"
"655","theta","100","ORC_L_ALL_glmnet","test_SSE",2780644.00452442,6234.40585261959,"thetaORC_L_ALL_glmnettest_SSE"
"656","theta","100","ORC_L_ALL_glmnet","test_SST",10999729.8856978,22360.0104490184,"thetaORC_L_ALL_glmnettest_SST"
"657","theta","100","ORC_L_glmnet","Beta_SSE",126.420072624205,1.74935665466645,"thetaORC_L_glmnetBeta_SSE"
"658","theta","100","ORC_L_glmnet","test_R2",0.739182051093503,0.000369715196606778,"thetaORC_L_glmnettest_R2"
"659","theta","100","ORC_L_glmnet","test_SSE",2871953.74731183,6339.42383598955,"thetaORC_L_glmnettest_SSE"
"660","theta","100","ORC_L_glmnet","test_SST",11011425.9062746,22613.6371226622,"thetaORC_L_glmnettest_SST"
